Instance, k, r, n, number fixed, fixing time
soc-dolphins, 3, 2, 62, 28, 0.03530287742614746
facebook_combined, 17, 3, 4039, 4031, 11553.349365472794