Instance, k, r, n, number fixed, fixing time
soc-dolphins, 3, 2, 62, 20, 0.0008873939514160156
facebook_combined, 17, 3, 4039, 4129, 0.2995421886444092