instances, , , ,Original Model, , , ,Reduced Model

	             #name, #nodes, #edges, #k-cores, #vars, LB, UB, time, #vars, LB, UB, time
.txt4-4, 150,587,1,300,139.0,139.0,0.08397603034973145,24,138.0,138.0,1.3344991207122803
.txt4-4, 300,1194,1,600,290.0,290.0,0.13196158409118652,22,289.0,289.0,2.7680816650390625
.txt4-4, 450,1786,1,900,426.0,426.0,0.2049417495727539,52,424.0,424.0,6.403074026107788
.txt4-4, 600,2395,1,1200,573.0,573.0,0.29361915588378906,62,569.0,569.0,26.524254322052002
.txt4-4, 750,2977,1,1500,714.0,714.0,0.36275434494018555,74,713.0,713.0,38.09677338600159
.txt4-4, 20,38,0,40,11.0,11.0,0.03599047660827637,40,12.0,12.0,0.02999091148376465
.txt4-4, 4,4,0,8,-0.0,-0.0,0.003998756408691406,8,1.0,1.0,0.004998683929443359
.txt4-4, 34,78,1,68,14.0,14.0,0.03598976135253906,48,14.0,14.0,0.23737597465515137
.txt4-4, 30,41,0,60,1.0,1.0,0.02199387550354004,60,2.0,2.0,0.03939485549926758
.txt4-4, 300,409,0,600,4.0,4.0,0.11251664161682129,600,5.0,5.0,0.9437952041625977
.txt4-4, 11,16,0,22,1.0,1.0,0.01199650764465332,22,2.0,2.0,0.012996196746826172
.txt4-4, 11,16,0,22,1.0,1.0,0.008997917175292969,22,2.0,2.0,0.011996030807495117
.txt4-4, 10,17,0,20,2.0,2.0,0.015995502471923828,20,3.0,3.0,0.01199650764465332
