instances, , , ,Original Model, , , ,Reduced Model

	             #name, #nodes, #edges, #k-cores, #vars, LB, UB, time, #vars, LB, UB, time
erdos_renyi_nodes1505-5, 150,589,1,300,138.0,138.0,0.0309903621673584,44,133.0,133.0,0.14398694038391113
erdos_renyi_nodes1506-5, 150,589,0,300,110.0,110.0,0.05398273468017578,300,111.0,111.0,0.18445253372192383
erdos_renyi_nodes1507-5, 150,589,0,300,5.0,5.0,5.603923797607422,300,6.0,6.0,5.615652084350586
