instances, , , ,Original Model, , , ,Reduced Model

	             #name, #nodes, #edges, #k-cores, #vars, LB, UB, time, #vars, LB, UB, time
test_graph42-5, 11,16,1,22,9.0,9.0,0.007997989654541016,4,11.0,11.0,0.0019996166229248047
test_graph43-5, 11,16,2,22,9.0,9.0,0.003998994827270508,6,11.0,11.0,0.0020017623901367188
test_graph44-5, 11,16,0,22,1.0,1.0,0.004998445510864258,22,6.0,6.0,0.004996299743652344
test_graph45-5, 11,16,0,22,-0.0,-0.0,0.0010001659393310547,22,5.0,5.0,0.0030002593994140625
