instances, , , ,Original Model, , , ,Reduced Model

	             #name, #nodes, #edges, #k-cores, #vars, LB, UB, time, #vars, LB, UB, time
.txt4-4, 20,38,0,40,11.0,11.0,0.028990507125854492,40,12.0,12.0,0.024992942810058594
.txt4-4, 4,4,0,8,-0.0,-0.0,0.0019996166229248047,8,1.0,1.0,0.004998445510864258
.txt4-4, 34,78,1,68,14.0,14.0,0.01999378204345703,48,14.0,14.0,0.8074474334716797
.txt4-4, 30,41,0,60,1.0,1.0,0.02399158477783203,60,2.0,2.0,0.036989688873291016
.txt4-4, 300,409,0,600,4.0,4.0,0.10696959495544434,600,5.0,5.0,0.7547414302825928
.txt4-4, 11,16,0,22,1.0,1.0,0.008260011672973633,22,2.0,2.0,0.010973691940307617
.txt4-4, 11,16,0,22,1.0,1.0,0.006997585296630859,22,2.0,2.0,0.010996580123901367
.txt4-4, 10,17,0,20,2.0,2.0,0.007998228073120117,20,3.0,3.0,0.006997823715209961
