instances, , , ,Original Model, , , ,Reduced Model

	             #name, #nodes, #edges, #k-cores, #vars, LB, UB, time, #vars, LB, UB, time
erdos_renyi_nodes1501-3, 150,570,1,300,150.0,150.0,0.030991554260253906,0,-0.0,-0.0,0.004999399185180664
erdos_renyi_nodes1501-4, 150,570,1,300,150.0,150.0,0.024992942810058594,0,-0.0,-0.0,0.004998445510864258
erdos_renyi_nodes1501-5, 150,570,1,300,150.0,150.0,0.024992942810058594,0,-0.0,-0.0,0.017995119094848633
