instances, , , ,Original Model, , , ,Reduced Model

	             #name, #nodes, #edges, #k-cores, #vars, LB, UB, time, #vars, LB, UB, time
.txt4-4, 20,38,0,40,11.0,11.0,0.0249941349029541,40,12.0,12.0,0.019992828369140625
.txt4-4, 4,4,0,8,-0.0,-0.0,0.002999544143676758,8,1.0,1.0,0.0029990673065185547
.txt4-4, 34,78,1,68,14.0,14.0,0.017994165420532227,48,14.0,14.0,0.8191890716552734
