instances, , , ,Original Model, , , ,Reduced Model

	             #name, #nodes, #edges, #k-cores, #vars, LB, UB, time, #vars, LB, UB, time
test_graph2-5, 30,41,1,60,27.0,27.0,0.011996984481811523,6,30.0,30.0,2.184821128845215
test_graph3-5, 30,41,0,60,8.0,8.0,0.009999275207519531,60,13.0,13.0,2.6874144077301025
test_graph4-5, 30,41,0,60,2.0,2.0,0.008997917175292969,60,7.0,7.0,1.2855768203735352
test_graph5-5, 30,41,0,60,1.0,1.0,0.004999399185180664,60,6.0,6.0,0.8404347896575928
test_graph22-5, 300,409,1,600,225.0,225.0,0.04441690444946289,174,236.0,236.0,524.7953960895538
