instances, , , ,Original Model, , , ,Reduced Model

	             #name, #nodes, #edges, #k-cores, #vars, LB, UB, time, #vars, LB, UB, time
data.g5-4, 2851,15093,1,5702,2851.0,2851.0,0.5078561305999756,1750,2851.0,2851.0,2.078984260559082
email.g5-4, 1133,5451,1,2266,679.0,679.0,0.2859184741973877,936,679.0,679.0,0.3628969192504883
netscience.g5-4, 1589,2742,23,3178,270.0,270.0,0.3399028778076172,2684,270.0,270.0,0.4678668975830078
polblogs.g5-4, 1490,16715,1,2980,856.0,856.0,0.416881799697876,1282,856.0,856.0,0.4458808898925781
power.g5-4, 4941,6594,1,9882,35.0,35.0,0.5998315811157227,9858,35.0,35.0,0.9302873611450195
