instances, , , ,Original Model, , , ,Reduced Model

	             #name, #nodes, #edges, #k-cores, #vars, LB, UB, time, #vars, LB, UB, time
.txt4-4, 30,41,0,60,1.0,1.0,0.0321807861328125,60,2.0,2.0,0.02799534797668457
.txt4-4, 300,409,0,600,4.0,4.0,0.09386610984802246,600,5.0,5.0,0.6271247863769531
.txt4-4, 11,16,0,22,1.0,1.0,0.007999181747436523,22,2.0,2.0,0.009996652603149414
.txt4-4, 11,16,0,22,1.0,1.0,0.008997917175292969,22,2.0,2.0,0.01199650764465332
.txt4-4, 10,17,0,20,2.0,2.0,0.009997367858886719,20,3.0,3.0,0.01099705696105957
