instances, , , ,Original Model, , , ,Reduced Model

	             #name, #nodes, #edges, #k-cores, #vars, LB, UB, time, #vars, LB, UB, time
erdos_renyi_nodes1501-3, 150,570,1,300,150.0,150.0,0.030993223190307617,0,-0.0,-0.0,0.020994186401367188
erdos_renyi_nodes1501-4, 150,570,1,300,150.0,150.0,0.025992393493652344,0,-0.0,-0.0,0.019994497299194336
erdos_renyi_nodes1501-5, 150,570,1,300,150.0,150.0,0.025992393493652344,0,-0.0,-0.0,0.03299069404602051
