instances, , , ,Original Model, , , ,Reduced Model

	             #name, #nodes, #edges, #k-cores, #vars, LB, UB, time, #vars, LB, UB, time
as-22july06.g5-4, 22963,48436,1,45926,1112.0,1112.0,4.918057441711426,43752,1112.0,1112.0,3.5698959827423096
astro-ph.g5-4, 16706,121251,16,33412,9259.0,9259.0,9.736521005630493,14966,9259.0,9259.0,5.867304086685181
cond-mat-2003.g5-4, 31163,120029,45,62326,13215.0,13214.0,22.056563138961792,35976,13215.0,13214.0,10.167806625366211
cond-mat-2005.g5-4, 40421,175691,49,80842,18749.0,18749.0,33.490079402923584,43424,18749.0,18749.0,14.023788213729858
cond-mat.g5-4, 16726,47594,43,33452,5280.0,5280.0,13.745227098464966,23004,5280.0,5280.0,8.776139736175537
hep-th.g5-4, 8361,15751,13,16722,905.0,905.0,13.59513807296753,15020,905.0,905.0,11.054988861083984
PGPgiantcompo.g5-4, 10680,24316,15,21360,1565.0,1565.0,2.6449501514434814,18314,1565.0,1565.0,2.6657357215881348
