instances, , , ,Original Model, , , ,Reduced Model

	             #name, #nodes, #edges, #k-cores, #vars, LB, UB, time, #vars, LB, UB, time
erdos_renyi_nodes1501-3, 150,570,1,300,150.0,150.0,0.031980276107788086,0,-0.0,-0.0,0.005997896194458008
erdos_renyi_nodes1501-4, 150,570,1,300,150.0,150.0,0.026992321014404297,0,-0.0,-0.0,0.004998683929443359
erdos_renyi_nodes1501-5, 150,570,1,300,150.0,150.0,0.02599501609802246,0,-0.0,-0.0,0.01790618896484375
