instances, , , ,Original Model, , , ,Reduced Model

	             #name, #nodes, #edges, #k-cores, #vars, LB, UB, time, #vars, LB, UB, time
erdos_renyi_nodes1501-3, 150,570,0,300,150.0,150.0,0.031989336013793945,300,150.0,150.0,0.02599358558654785
erdos_renyi_nodes1501-4, 150,570,0,300,150.0,150.0,0.026991844177246094,300,150.0,150.0,0.025991439819335938
erdos_renyi_nodes1501-5, 150,570,0,300,150.0,150.0,0.04098868370056152,300,150.0,150.0,0.02699446678161621
