instances, , , ,Original Model, , , ,Reduced Model

	             #name, #nodes, #edges, #k-cores, #vars, LB, UB, time, #vars, LB, UB, time
erdos_renyi_nodes1501-3, 150,570,0,300,150.0,150.0,0.03899550437927246,300,150.0,150.0,0.02799224853515625
erdos_renyi_nodes1501-4, 150,570,0,300,150.0,150.0,0.025992631912231445,300,150.0,150.0,0.026998519897460938
erdos_renyi_nodes1501-5, 150,570,0,300,150.0,150.0,0.03898906707763672,300,150.0,150.0,0.02799201011657715
